{"4": {"lb": 4.0, "pi": [0.0, 0.0, 0.0, 0.0]}, "10": {"lb": 2.7950870081534567, "pi": [0.0, 0.0, -0.0727115970549792, 0.06702906023965838, 0.10737578564787686, 0.005682536815320827, -0.10552640074503028, -0.06669696000371539, 0.03096541878720449, 0.03388215631366431]}, "50": {"lb": 5.345861634500178, "pi": [0.0, 0.03972741183269472, 0.0, 0.004941931668440851, 0.05719943902923885, -0.05458358433768787, -0.0175845291161858, 0.0, 0.023072621914533423, 0.03804129633916824, 0.0, -0.018611981560163852, 0.051967729646136884, 0.031029671109083168, -0.020456767222982435, 0.0, 0.006479685012462731, -0.015514835554541584, -0.013670049891723001, 0.01562733747418325, -0.020456767222982435, -0.015514835554541584, 0.0, 0.03858892132323076, -0.01872448347980552, -0.01872448347980552, -0.11499267129219065, 0.0213403381713565, 0.04352938913751585, -0.020456767222982435, 0.039068748783146284, 0.0011399543636197197, 0.03792879441952657, 0.0, -0.05458358433768787, -0.015514835554541584, -0.03597160277752402, 0.03744896695961104, -0.020456767222982435, -0.023297625753816747, 0.015402333634899918, -0.039068748783146284, 0.0, 0.037223963120327705, 0.014374881190921864, 0.0, 0.02366641514824637, 0.062253872617321376, -0.058339393392858575, -0.04352938913751585]}, "5": {"lb": 4.999889998789973, "pi": [0.0, 0.0, 0.0, 0.0, 0.0]}, "8": {"lb": 2.803261868893515, "pi": [0.0, 0.14356622790395437, 0.2629652713505561, 0.07573227371898708, -0.20962666242159675, 0.022083145462761876, 0.09827760031636043, -0.3929978563310231]}, "6": {"lb": 9.760058367708321, "pi": [0.0, 1.9285220761458355, 0.915492907395831, -0.08426828010418222, -0.9021520743749886, -1.8575946290624956]}}